Route Name,Disaster/Risk Type,Severity Level,Primary Risk Factor,Month/Season of High Risk,Historical Occurrence Count,Safety Recommendation,
A26 Kandy-Mahiyangana (Bend 1),Rock Fall,High,Steep Gradient,Oct-Dec (Monsoon),12,Avoid during heavy rain; watch for falling debris,
A26 Kandy-Mahiyangana (Bend 2),Accident Blackspot,Medium,Sharp Bend,Year-round,45,Use lower gears; sound horn at blind corners,
A26 Kandy-Mahiyangana (Bend 3),Rock Fall,High,Unstable Topsoil,Oct-Dec (Monsoon),14,Do not park near rock face; continuous transit,
A26 Kandy-Mahiyangana (Bend 4),Accident Blackspot,Medium,Sharp Bend,Year-round,38,Maintain lane discipline; yield to heavy vehicles,
A26 Kandy-Mahiyangana (Bend 5),Landslide,High,Colluvium Soil,Oct-Dec (Monsoon),8,Check NBRO warnings before travel,
A26 Kandy-Mahiyangana (Bend 6),Heavy Mist,Low,Poor Visibility,Nov-Feb,60,Use fog lights; reduce speed to 20km/h,
A26 Kandy-Mahiyangana (Bend 7),Accident Blackspot,High,Steep Gradient,Year-round,55,Engine braking essential; check brake fluid,
A26 Kandy-Mahiyangana (Bend 8),Rock Fall,Medium,Hanging Boulders,Oct-Dec (Monsoon),11,Avoid travel during torrential downpours,
A26 Kandy-Mahiyangana (Bend 9),Heavy Mist,Low,Poor Visibility,Nov-Feb,70,Do not overtake; maintain safe following distance,
A26 Kandy-Mahiyangana (Bend 10),Accident Blackspot,High,Sharp Bend,Year-round,62,Sound horn; anticipate oncoming buses,
A26 Kandy-Mahiyangana (Bend 11),Earthslip,Medium,Saturated Slope,Oct-Dec (Monsoon),9,Observe road surface for tension cracks,
A26 Kandy-Mahiyangana (Bend 12),Rock Fall,High,Exposed Bedrock,Oct-Dec (Monsoon),15,Quick transit; obey temporary police blocks,
A26 Kandy-Mahiyangana (Bend 13),Accident Blackspot,Medium,Sharp Bend,Year-round,41,Strict adherence to speed limits,
A26 Kandy-Mahiyangana (Bend 14),Rock Fall,High,Dip Slope Failure,Oct-Dec (Monsoon),22,Extremely high risk; observe flagmen signals,
A26 Kandy-Mahiyangana (Bend 15),Earthslip,Medium,Poor Drainage,Oct-Dec (Monsoon),7,Beware of mud on asphalt reducing traction,
A26 Kandy-Mahiyangana (Bend 16),Heavy Mist,Medium,Poor Visibility,Nov-Feb,80,Daytime travel only recommended,
A26 Kandy-Mahiyangana (Bend 17),Accident Blackspot,High,Sharp Bend,Year-round,51,Final descent caution; check brakes,
A5 Ramboda Pass (KM 40-42),Landslide,High,Steep Gradient,May-Jul (Monsoon),18,Avoid during SW monsoon peaks,
A5 Ramboda Pass (KM 42-44),Heavy Mist,High,Poor Visibility,Year-round,150,Night travel highly discouraged,
A5 Ramboda Pass (KM 44-46),Rock Fall,High,Highly Weathered Rock,May-Jul (Monsoon),24,Rank B Risk Area; continuous transit required,
A5 Ramboda Pass (KM 46-48),Earthslip,Medium,Deforestation,May-Jul (Monsoon),12,Watch for minor debris on road,
A5 Ramboda Pass (KM 48-50),Heavy Mist,High,High Altitude,Year-round,180,Use hazard lights in zero visibility,
A5 Ramboda Pass (KM 50-52),Accident Blackspot,Medium,Wet Surface,May-Jul (Monsoon),65,Reduce speed; slippery when wet,
A5 Ramboda Pass (KM 52-54),Landslide,High,Unstable Topsoil,May-Jul (Monsoon),14,Obey NBRO evacuation guidelines,
A5 Ramboda Pass (KM 54-56),Heavy Mist,High,Poor Visibility,Year-round,160,Do not pull over near cliff edges,
A5 Ramboda Pass (KM 56-58),Rock Fall,Medium,Loose Boulders,May-Jul (Monsoon),9,Avoid parking under rock overhangs,
A5 Ramboda Pass (KM 58-60),Flash Flood,Low,Poor Drainage,May-Jul (Monsoon),5,Beware of water pooling at curve apex,
A5 Ramboda Pass (KM 60-62),Accident Blackspot,Medium,Sharp Bend,Year-round,55,Sound horn at blind spots,
A5 Ramboda Pass (KM 62-64),Earthslip,High,Saturated Soil,May-Jul (Monsoon),21,Avoid stopping,
A5 Ramboda Pass (KM 64-66),Heavy Mist,High,High Altitude,Year-round,140,Do not overtake,
A5 Ramboda Pass (KM 66-68),Rock Fall,Medium,Weathered Rock,May-Jul (Monsoon),16,Observe falling debris,
A5 Ramboda Pass (KM 68-70),Accident Blackspot,High,Steep Gradient,Year-round,61,Engage low gear,
A5 Ramboda Pass (KM 70-72),Heavy Mist,High,High Altitude,Year-round,135,Fog lights mandatory,
A5 Ramboda Pass (KM 72-74),Landslide,Medium,Poor Drainage,May-Jul (Monsoon),11,Monitor DMC alerts,
A5 Ramboda Pass (KM 74-76),Earthslip,High,Deforestation,May-Jul (Monsoon),25,Watch for debris,
A5 Ramboda Pass (KM 76-78),Accident Blackspot,Medium,Sharp Bend,Year-round,49,Yield to climbing vehicles,
A7 Hatton-Nuwara Eliya (KM 40-42),Landslide,High,Slope Failure,May-Jul (Monsoon),21,Rank A Risk Area; monitor DMC alerts,
A7 Hatton-Nuwara Eliya (KM 42-44),Earthslip,High,Soil Saturation,May-Jul (Monsoon),19,Heavy vehicles proceed with extreme caution,
A7 Hatton-Nuwara Eliya (KM 44-46),Rock Fall,High,Structural Fissures,May-Jul (Monsoon),27,Rank B Risk Area; do not halt,
A7 Hatton-Nuwara Eliya (KM 46-48),Landslide,High,Steep Gradient,May-Jul (Monsoon),33,Rank A Risk Area; highly unstable,
A7 Hatton-Nuwara Eliya (KM 48-50),Heavy Mist,Medium,High Altitude,Year-round,85,Use low-beam headlights,
A7 Hatton-Nuwara Eliya (KM 50-52),Accident Blackspot,High,Sharp Bend,Year-round,64,Reduce speed significantly,
A7 Hatton-Nuwara Eliya (KM 52-54),Earthslip,Medium,Residual Soil,May-Jul (Monsoon),14,Rank B Risk Area; watch for shoulder drop-offs,
A7 Hatton-Nuwara Eliya (KM 54-56),Rock Fall,Medium,Exposed Bedrock,May-Jul (Monsoon),12,Continuous transit advised,
A7 Hatton-Nuwara Eliya (KM 56-58),Earthslip,Medium,Residual Soil,May-Jul (Monsoon),16,Rank B Risk Area; adhere to warning signs,
A7 Hatton-Nuwara Eliya (KM 58-60),Flash Flood,Low,Poor Drainage,May-Jul (Monsoon),6,Check for water on road,
A7 Hatton-Nuwara Eliya (KM 60-62),Accident Blackspot,Medium,Wet Surface,May-Jul (Monsoon),48,Slippery when wet,
A7 Hatton-Nuwara Eliya (KM 62-64),Landslide,Medium,Slope Erosion,May-Jul (Monsoon),15,Avoid in extreme weather,
A7 Hatton-Nuwara Eliya (KM 64-66),Heavy Mist,High,Poor Visibility,Year-round,145,Night travel not recommended,
A7 Hatton-Nuwara Eliya (KM 66-68),Accident Blackspot,High,Steep Gradient,Year-round,72,Check brakes frequently,
A7 Hatton-Nuwara Eliya (KM 68-70),Landslide,High,Historical Failure,May-Jul (Monsoon),42,Rank A Risk Area; bypass if heavy rain,
A7 Hatton-Nuwara Eliya (KM 70-72),Heavy Mist,High,Poor Visibility,Year-round,110,Fog lights mandatory,
A7 Hatton-Nuwara Eliya (KM 72-74),Earthslip,Medium,Unstable Topsoil,May-Jul (Monsoon),18,Observe for minor soil collapses,
A7 Hatton-Nuwara Eliya (KM 74-76),Accident Blackspot,Medium,Sharp Bend,Year-round,58,Watch for oncoming estate buses,
A7 Hatton-Nuwara Eliya (KM 76-78),Rock Fall,Low,Weathered Rock,May-Jul (Monsoon),9,Do not park near rock face,
A7 Hatton-Nuwara Eliya (KM 78-80),Heavy Mist,High,High Altitude,Year-round,125,Maintain strict lane discipline,
A7 Hatton-Nuwara Eliya (KM 80-82),Landslide,High,Colluvium Soil,May-Jul (Monsoon),25,Rank A Risk Area near Hakgala buffer,
A7 Hatton-Nuwara Eliya (KM 82-84),Accident Blackspot,High,High Speed,Year-round,68,Overtaking strictly prohibited,
A7 Hatton-Nuwara Eliya (KM 84-86),Earthslip,Medium,Residual Soil,May-Jul (Monsoon),12,Adhere to NBRO warnings,
A7 Hatton-Nuwara Eliya (KM 86-88),Heavy Mist,High,Poor Visibility,Year-round,125,Night travel not recommended,
A7 Hatton-Nuwara Eliya (KM 88-90),Accident Blackspot,Medium,Wet Surface,May-Jul (Monsoon),50,Slippery when wet,
A7 Hatton-Nuwara Eliya (KM 90-92),Rock Fall,Medium,Structural Fissures,May-Jul (Monsoon),19,Rank B Risk Area,
A7 Hatton-Nuwara Eliya (KM 92-94),Landslide,High,Slope Failure,May-Jul (Monsoon),30,Rank A Risk Area,
A7 Hatton-Nuwara Eliya (KM 94-96),Heavy Mist,High,Poor Visibility,Year-round,115,Use hazard lights,
A16 Beragala-Haputale (KM 1-3),Heavy Mist,Medium,High Altitude,Oct-Dec (Monsoon),90,Use low-beam headlights,
A16 Beragala-Haputale (KM 3-5),Earthslip,High,Steep Gradient,Oct-Dec (Monsoon),19,Avoid during heavy continuous rain,
A16 Beragala-Haputale (KM 5-7),Rock Fall,Medium,Loose Boulders,Oct-Dec (Monsoon),11,Do not sound horn near rock faces,
A16 Beragala-Haputale (KM 7-9),Accident Blackspot,High,Sharp Bend,Year-round,47,Use engine braking on descent,
A16 Beragala-HaliEla (KM 9-11),Landslide,High,Head Scarp,Oct-Dec (Monsoon),28,Rank C Risk Area (Kahagolla); highly dangerous,
A16 Beragala-HaliEla (KM 11-13),Earthslip,Medium,Soil Saturation,Oct-Dec (Monsoon),14,Monitor shoulder stability,
A16 Beragala-HaliEla (KM 13-15),Heavy Mist,High,Poor Visibility,Oct-Feb,130,Stop safely if visibility reaches zero,
A16 Beragala-HaliEla (KM 15-17),Accident Blackspot,Medium,Steep Gradient,Year-round,52,Yield to ascending vehicles,
A16 Beragala-Haputale (KM 17-19),Heavy Mist,Medium,High Altitude,Oct-Feb,66,Fog lights mandatory,
A16 Beragala-Haputale (KM 19-21),Earthslip,Medium,Soil Saturation,Oct-Dec (Monsoon),15,Watch for eroded road edges,
A16 Beragala-Haputale (KM 21-23),Rock Fall,Medium,Loose Boulders,Oct-Dec (Monsoon),12,Do not park near slopes,
A16 Beragala-Haputale (KM 23-25),Accident Blackspot,High,Sharp Bend,Year-round,49,Slow down significantly,
A16 Beragala-Haputale (KM 25-27),Earthslip,Medium,Steep Gradient,Oct-Dec (Monsoon),18,Avoid edge driving,
A16 Beragala-Haputale (KM 27-29),Heavy Mist,Low,Poor Visibility,Oct-Feb,45,Drive cautiously in early mornings,
A23 Ella-Wellawaya (KM 1-3),Heavy Mist,Medium,Poor Visibility,Oct-Jan,85,Drive cautiously in early mornings,
A23 Ella-Wellawaya (KM 3-5),Accident Blackspot,High,Sharp Bend,Year-round,73,High tourist traffic; reduce speed,
A23 Ella-Wellawaya (KM 5-7),Rock Fall,Medium,Exposed Bedrock,Oct-Jan,16,Look out for fallen stones on road,
A23 Ella-Wellawaya (KM 7-9),Earthslip,Medium,Unstable Topsoil,Oct-Jan,12,Watch for mud on road,
A23 Ella-Wellawaya (KM 9-11),Accident Blackspot,Medium,Straight to Curve,Year-round,38,Brake before entering curve,
A23 Ella-Wellawaya (KM 11-13),Earthslip,High,Unstable Topsoil,Oct-Jan,31,12th KM post highly prone; avoid in storms,
A23 Ella-Wellawaya (KM 13-15),Flash Flood,Medium,Poor Drainage,Oct-Jan,10,Water crosses road during heavy showers,
A23 Ella-Wellawaya (KM 15-17),Accident Blackspot,High,Steep Gradient,Year-round,66,Frequent brake failures reported; check gears,
A23 Ella-Wellawaya (KM 17-19),Earthslip,Medium,Colluvium Soil,Oct-Jan,14,Slow down near active mud streams,
A23 Ella-Wellawaya (KM 19-21),Heavy Mist,Low,Poor Visibility,Oct-Jan,40,Standard mist precautions,
A23 Ella-Wellawaya (KM 21-23),Accident Blackspot,Medium,Speeding,Year-round,44,Maintain safe speeds,
A23 Ella-Wellawaya (KM 23-25),Elephant Crossing,Medium,Proximity to Park,Year-round,22,Do not feed wildlife; pass quickly,
A23 Ella-Wellawaya (KM 25-27),Accident Blackspot,Medium,Straight to Curve,Year-round,48,Do not accelerate on straight sections,
A23 Ella-Wellawaya (KM 27-29),Flash Flood,Low,Seasonal Streams,Oct-Jan,7,Cross water slowly,
A23 Ella-Wellawaya (KM 29-31),Accident Blackspot,Medium,Straight Road,Year-round,42,Do not speed,
A23 Ella-Wellawaya (KM 31-33),Elephant Crossing,Medium,Wildlife Corridor,Year-round,18,Pass quickly,
A23 Ella-Wellawaya (KM 33-35),Flash Flood,Low,Poor Drainage,Oct-Jan,9,Watch for water crossflows,
A23 Ella-Wellawaya (KM 35-37),Earthslip,Medium,Unstable Topsoil,Oct-Jan,22,Avoid in storms,
A23 Ella-Wellawaya (KM 37-39),Accident Blackspot,High,Steep Gradient,Year-round,68,Engine braking essential,
A23 Ella-Wellawaya (KM 39-41),Heavy Mist,Low,Poor Visibility,Oct-Jan,30,Use headlights,
A23 Ella-Wellawaya (KM 41-43),Elephant Crossing,Low,Wildlife Corridor,Year-round,12,Obey warning signs,
A23 Ella-Wellawaya (KM 43-45),Accident Blackspot,Medium,Wet Surface,Oct-Jan,35,Slippery during monsoon,
A7 Ginigathena Road (KM 10-12),Landslide,High,Historical Failure,May-Jul (Monsoon),36,High risk of road washout; follow DMC alerts,
A7 Ginigathena Road (KM 12-14),Accident Blackspot,High,Sharp Bend,Year-round,52,Slow down; use horn,
A7 Ginigathena Road (KM 14-16),Earthslip,Medium,Soil Saturation,May-Jul (Monsoon),18,Avoid parking on soft shoulders,
A7 Ginigathena Road (KM 16-18),Heavy Mist,Medium,High Altitude,Year-round,88,Use fog lights,
A7 Ginigathena Road (KM 18-20),Flash Flood,Low,River Overflow,May-Jul (Monsoon),9,Do not attempt to cross flooded dips,
A7 Ginigathena Road (KM 20-22),Accident Blackspot,Medium,Speeding,Year-round,45,Observe speed limits,
A7 Ginigathena Road (KM 22-24),Accident Blackspot,High,Sharp Bend,Year-round,71,Overtaking strictly prohibited,
A7 Ginigathena Road (KM 24-26),Earthslip,High,Poor Drainage,May-Jul (Monsoon),22,Avoid edge driving,
A7 Ginigathena Road (KM 26-28),Heavy Mist,High,High Altitude,Year-round,145,Use hazard lights in heavy precipitation,
A7 Ginigathena Road (KM 28-30),Accident Blackspot,High,Sharp Bend,Year-round,68,Strict speed control,
A7 Ginigathena Road (KM 30-32),Landslide,Medium,Soil Saturation,May-Jul (Monsoon),15,Avoid in heavy downpours,
A7 Ginigathena Road (KM 32-34),Heavy Mist,Medium,High Altitude,Year-round,95,Use low beams,
A7 Ginigathena Road (KM 34-36),Accident Blackspot,Medium,Wet Surface,May-Jul (Monsoon),48,Slippery when wet,
A7 Ginigathena Road (KM 36-38),Flash Flood,Low,Poor Drainage,May-Jul (Monsoon),12,Do not cross flooded dips,
A7 Ginigathena Road (KM 38-40),Earthslip,Medium,Unstable Topsoil,May-Jul (Monsoon),16,Monitor DMC alerts,
A7 Ginigathena Road (KM 40-42),Landslide,Medium,Soil Saturation,May-Jul (Monsoon),17,High risk of washout,
A7 Ginigathena Road (KM 42-44),Accident Blackspot,High,Sharp Bend,Year-round,58,Sound horn at blind spots,
A7 Ginigathena Road (KM 44-46),Heavy Mist,High,High Altitude,Year-round,110,Night travel highly discouraged,
E01 Southern Expressway (KM 5-10),Aquaplaning,High,Normal Curve,"""""May-Jul"," Oct-Dec""""",55,Reduce speed below 100km/h in rain
E01 Southern Expressway (KM 10-15),Aquaplaning,High,Reverse Curve,"""""May-Jul"," Oct-Dec""""",82,High Water Film Depth; strictly 80km/h in rain
E01 Southern Expressway (KM 15-20),Accident Blackspot,Medium,High Speed,Year-round,45,Maintain 50m minimum following distance,
E01 Southern Expressway (KM 20-25),Aquaplaning,Medium,Surface Water,"""""May-Jul"," Oct-Dec""""",33,Avoid sudden braking on wet asphalt
E01 Southern Expressway (KM 25-30),Flash Flood,Low,Low Lying Area,May-Jul (Monsoon),4,Watch for shoulder flooding,
E01 Southern Expressway (KM 30-35),Aquaplaning,High,Reverse Curve,"""""May-Jul"," Oct-Dec""""",76,Significant cross-slope transition risk
E01 Southern Expressway (KM 35-40),Accident Blackspot,Medium,Driver Fatigue,Year-round,51,Use rest stops; avoid highway hypnosis,
E01 Southern Expressway (KM 40-45),Aquaplaning,High,Normal Curve,"""""May-Jul"," Oct-Dec""""",48,Follow variable message signs (VMS) speeds
E01 Southern Expressway (KM 45-50),Aquaplaning,High,Reverse Curve,"""""May-Jul"," Oct-Dec""""",69,Do not use cruise control in the rain
E01 Southern Expressway (KM 50-55),Accident Blackspot,High,High Speed,Year-round,72,Avoid sudden lane changes,
E01 Southern Expressway (KM 55-60),Flash Flood,Low,Basin Overflow,May-Jul (Monsoon),3,Observe RDA warnings,
E01 Southern Expressway (KM 60-65),Aquaplaning,Medium,Surface Water,"""""May-Jul"," Oct-Dec""""",39,Check tire tread depth before entering
E01 Southern Expressway (KM 65-70),Aquaplaning,High,Reverse Curve,"""""May-Jul"," Oct-Dec""""",71,Lane 2 highly susceptible to pooling
E01 Southern Expressway (KM 70-75),Accident Blackspot,Medium,Wet Surface,"""""May-Jul"," Oct-Dec""""",55,Slippery during severe storms
E01 Southern Expressway (KM 75-80),Accident Blackspot,High,High Speed,Year-round,88,Extreme caution required,
E01 Southern Expressway (KM 80-85),Aquaplaning,High,Normal Curve,"""""May-Jul"," Oct-Dec""""",52,Reduce speed to 70km/h during storms
E01 Southern Expressway (KM 85-90),Flash Flood,Low,River Overflow,May-Jul (Monsoon),3,Observe variable message signs,
E01 Southern Expressway (KM 90-95),Aquaplaning,High,Reverse Curve,"""""May-Jul"," Oct-Dec""""",64,Extreme loss of traction risk
E01 Southern Expressway (KM 95-100),Aquaplaning,High,Reverse Curve,"""""May-Jul"," Oct-Dec""""",58,80km/h maximum in rain
E01 Southern Expressway (KM 100-105),Accident Blackspot,Medium,High Speed,Year-round,62,Maintain following distance,
E01 Southern Expressway (KM 105-110),Aquaplaning,Medium,Normal Curve,"""""May-Jul"," Oct-Dec""""",41,Avoid sudden braking
E01 Southern Expressway (KM 110-115),Accident Blackspot,High,Driver Fatigue,Year-round,77,Take frequent breaks,
E01 Southern Expressway (KM 115-120),Aquaplaning,High,Surface Water,"""""May-Jul"," Oct-Dec""""",53,Do not overtake in heavy rain
E01 Southern Expressway (KM 120-125),Accident Blackspot,Medium,Night Traffic,Year-round,49,Ensure proper vehicle lighting,
E01 Southern Expressway (KM 125-130),Aquaplaning,High,Reverse Curve,"""""May-Jul"," Oct-Dec""""",66,80km/h maximum
E01 Southern Expressway (KM 130-135),Flash Flood,Low,Coastal Inundation,May-Jul (Monsoon),2,Watch for standing water,
E01 Southern Expressway (KM 135-140),Aquaplaning,High,Normal Curve,"""""May-Jul"," Oct-Dec""""",54,Reduce speed
E01 Southern Expressway (KM 140-145),Accident Blackspot,Medium,Interchange Traffic,Year-round,44,Merge with extreme caution,
B35 Buttala-Kataragama (KM 1-3),Elephant Crossing,Medium,Wildlife Corridor,Year-round,45,Do not travel at dusk/dawn,
B35 Buttala-Kataragama (KM 3-5),Elephant Crossing,High,Aggressive Behavior,Year-round,110,Never feed elephants; windows rolled up,
B35 Buttala-Kataragama (KM 5-7),Accident Blackspot,Medium,Unpaved Edges,Year-round,34,Do not swerve into shoulders for wildlife,
B35 Buttala-Kataragama (KM 7-9),Elephant Crossing,High,Highway Blockage,Year-round,135,Travel behind larger vehicles (trucks/buses),
B35 Buttala-Kataragama (KM 9-11),Elephant Crossing,High,Aggressive Behavior,Year-round,150,Do not use horn against elephants,
B35 Buttala-Kataragama (KM 11-13),Accident Blackspot,High,Poor Lighting,Year-round,55,Night travel strictly not recommended,
B35 Buttala-Kataragama (KM 13-15),Elephant Crossing,High,Highway Blockage,Year-round,125,Do not carry exposed fruits or food,
B35 Buttala-Kataragama (KM 15-17),Flash Flood,Low,Seasonal Streams,Oct-Jan,8,Check road status after heavy rains,
B35 Buttala-Kataragama (KM 17-19),Elephant Crossing,Medium,Wildlife Corridor,Year-round,60,Keep engine running if stopped,
B35 Buttala-Kataragama (KM 19-21),Accident Blackspot,Medium,Speeding,Year-round,42,Maintain maximum 40km/h speed limit,
B35 Buttala-Kataragama (KM 21-23),Elephant Crossing,High,Highway Blockage,Year-round,115,Follow larger vehicles,
B35 Buttala-Kataragama (KM 23-25),Elephant Crossing,Medium,Aggressive Behavior,Year-round,80,Do not honk at elephants,
B35 Buttala-Kataragama (KM 25-27),Accident Blackspot,Medium,Unpaved Edges,Year-round,39,Avoid shoulder driving,
B35 Buttala-Kataragama (KM 27-29),Elephant Crossing,High,Highway Blockage,Year-round,140,Never feed wildlife,
B35 Buttala-Kataragama (KM 29-31),Accident Blackspot,Medium,Speeding,Year-round,48,40km/h max,
B35 Buttala-Kataragama (KM 31-33),Elephant Crossing,High,Wildlife Corridor,Year-round,105,Travel in convoys during daytime,
B35 Buttala-Kataragama (KM 33-35),Flash Flood,Low,Poor Drainage,Oct-Jan,5,Do not cross flowing water,
B35 Buttala-Kataragama (KM 35-37),Accident Blackspot,Medium,Night Traffic,Year-round,33,Night travel heavily restricted,
B35 Buttala-Kataragama (KM 37-39),Elephant Crossing,Medium,Proximity to Park,Year-round,72,Keep windows closed; hide food,
B35 Buttala-Kataragama (KM 39-41),Elephant Crossing,High,Highway Blockage,Year-round,122,Do not attempt to maneuver around elephants,
B35 Buttala-Kataragama (KM 41-43),Accident Blackspot,Medium,Straight Road,Year-round,41,Avoid speeding to outrun wildlife,
B35 Buttala-Kataragama (KM 43-45),Elephant Crossing,Medium,Reserve Border,Year-round,68,Obey DWC signage,
B35 Buttala-Kataragama (KM 45-47),Accident Blackspot,Medium,Mixed Traffic,Year-round,37,Watch for pilgrims,
A9 Kandy-Jaffna (KM 176+100),Accident Blackspot,High,Complex Intersection,Year-round,62,Slow down; strictly adhere to traffic signals,
A9 Kandy-Jaffna (KM 176+700),Accident Blackspot,High,Highway Geometry,Year-round,58,Watch for sudden lane changes,
A9 Kandy-Jaffna (KM 177+000),Accident Blackspot,High,High Speed,Year-round,65,Do not overtake; high fatality zone,
A9 Kandy-Jaffna (KM 298+400),Accident Blackspot,High,Driver Fatigue,Year-round,70,Palai stretch; prone to highway hypnosis,
A9 Kandy-Jaffna (KM 299+100),Accident Blackspot,High,Straight Road,Year-round,82,Extremely high accident rate; enforce limits,
A9 Kandy-Jaffna (KM 300+000),Accident Blackspot,High,High Speed,Year-round,95,Most critical blackspot; speed radar active,
A9 Kandy-Jaffna (KM 301+100),Accident Blackspot,High,Pedestrian Activity,Year-round,64,Watch for crossing pedestrians and cyclists,
A9 Kandy-Jaffna (KM 303+000),Accident Blackspot,High,High Speed,Year-round,88,Frequent fatal bus/van collisions,
A9 Kandy-Jaffna (KM 305+000),Accident Blackspot,High,Geometric Flaw,Year-round,72,Maintain lane discipline strictly,
A9 Kandy-Jaffna (KM 307+000),Accident Blackspot,High,Straight Road,Year-round,69,Take regular breaks to avoid fatigue,
A9 Kandy-Jaffna (KM 308+100),Accident Blackspot,High,Speeding,Year-round,75,Meesalai East section; radar monitoring,
A9 Kandy-Jaffna (KM 309+000),Accident Blackspot,High,Cross Traffic,Year-round,67,Beware of intersecting minor roads,
A9 Kandy-Jaffna (KM 312+200),Accident Blackspot,High,Geometric Flaw,Year-round,80,Overtaking is extremely hazardous,
A9 Kandy-Jaffna (KM 314+100),Accident Blackspot,High,Geometric Flaw,Year-round,76,Do not overtake,
A9 Kandy-Jaffna (KM 315+500),Accident Blackspot,Medium,High Speed,Year-round,61,Enforce speed limits,
A9 Kandy-Jaffna (KM 318+200),Accident Blackspot,High,Pedestrian Activity,Year-round,84,Watch for cyclists,
A9 Kandy-Jaffna (KM 320+000),Accident Blackspot,High,High Speed,Year-round,92,Fatal crash zone,
A1 Colombo-Kandy (KM 34-36),Accident Blackspot,High,Urban Traffic,Year-round,115,Nittambuwa zone; watch for heavy vehicles,
A1 Colombo-Kandy (KM 36-38),Accident Blackspot,High,Pedestrian Activity,Year-round,98,Slow down in densely populated commercial area,
A1 Colombo-Kandy (KM 38-40),Accident Blackspot,High,Complex Junction,Year-round,105,Follow lane markings strictly,
A1 Colombo-Kandy (KM 40-42),Accident Blackspot,Medium,Mixed Traffic,Year-round,76,Beware of sudden stops by route buses,
A1 Colombo-Kandy (KM 42-44),Accident Blackspot,High,Unregulated Access,Year-round,92,Watch for vehicles entering from by-lanes,
A1 Colombo-Kandy (KM 44-46),Accident Blackspot,High,Speeding,Year-round,85,High density of fatal crashes,
A1 Colombo-Kandy (KM 46-48),Accident Blackspot,High,Complex Junction,Year-round,95,Follow lane markings,
A1 Colombo-Kandy (KM 48-50),Accident Blackspot,Medium,Mixed Traffic,Year-round,72,Yield to buses,
A1 Colombo-Kandy (KM 50-52),Accident Blackspot,High,Speeding,Year-round,88,Watch for sudden access entries,
A1 Colombo-Kandy (KM 52-54),Accident Blackspot,High,Severe Congestion,Year-round,110,Extreme caution,
A1 Colombo-Kandy (KM 54-56),Accident Blackspot,Medium,Mixed Traffic,Year-round,80,Yield to heavy freight,
A1 Colombo-Kandy (Kiribathgoda),Accident Blackspot,High,Severe Congestion,Year-round,180,Highest severity score; extreme caution,
A4 Ratnapura (KM 64-66),Earthslip,Medium,Soil Saturation,May-Jul (Monsoon),12,Avoid edge driving [1],
A4 Ratnapura (KM 66-68),Landslide,High,Steep Gradient,May-Jul (Monsoon),18,Check NBRO warnings [1],
A4 Ratnapura (KM 68-70),Accident Blackspot,Medium,Sharp Bend,Year-round,45,Reduce speed [1],
A4 Ratnapura (KM 70-72),Earthslip,High,Poor Drainage,May-Jul (Monsoon),22,Watch for shoulder collapse [1],
A4 Ratnapura (KM 72-74),Rock Fall,Medium,Colluvium Soil,May-Jul (Monsoon),9,Do not park near rock face [1],
A4 Ratnapura (KM 74-76),Accident Blackspot,High,High Speed,Year-round,51,Maintain lane discipline [1],
A4 Ratnapura (KM 76-78),Landslide,Medium,Saturated Slope,May-Jul (Monsoon),15,Avoid in heavy downpours [1],
A4 Ratnapura (KM 78-80),Earthslip,High,Unstable Topsoil,May-Jul (Monsoon),25,Obey temporary road blocks [1],
A4 Ratnapura (KM 80-82),Flash Flood,Low,Poor Drainage,May-Jul (Monsoon),8,Check for water pooling [1],
A4 Ratnapura (KM 82-84),Accident Blackspot,Medium,Wet Surface,May-Jul (Monsoon),38,Slippery when wet [1],
A4 Ratnapura (KM 84-86),Landslide,High,Historical Failure,May-Jul (Monsoon),33,Monitor DMC alerts [1],
A4 Ratnapura (KM 86-88),Rock Fall,Medium,Weathered Rock,May-Jul (Monsoon),14,Continuous transit required [1],
A4 Ratnapura (KM 88-90),Earthslip,High,Deforestation,May-Jul (Monsoon),27,Watch for debris [1],
A4 Ratnapura (KM 90-92),Accident Blackspot,High,Steep Gradient,Year-round,62,Engage low gear [1],
A4 Ratnapura (KM 92-94),Landslide,High,Slope Erosion,May-Jul (Monsoon),21,Rank A Risk Area [1],
A4 Ratnapura (KM 94-96),Heavy Mist,Low,High Altitude,May-Jul (Monsoon),40,Use fog lights [1],
A4 Ratnapura (KM 96-98),Earthslip,Medium,Residual Soil,May-Jul (Monsoon),11,Watch for mud on road [1],
A4 Ratnapura (KM 98-100),Accident Blackspot,Medium,Sharp Bend,Year-round,47,Sound horn at blind spots [1],
A4 Ratnapura (KM 100-102),Landslide,High,Soil Saturation,May-Jul (Monsoon),19,Rank B Risk Area [1],
A4 Ratnapura (KM 102-104),Flash Flood,Medium,River Overflow,May-Jul (Monsoon),16,Do not attempt to cross flooded dips [1],
A4 Ratnapura (KM 104-106),Accident Blackspot,High,Complex Intersection,Year-round,73,Slow down [1],
A4 Ratnapura (KM 106-108),Earthslip,High,Steep Gradient,May-Jul (Monsoon),28,Avoid parking on soft shoulders [1],
A4 Ratnapura (KM 108-110),Rock Fall,High,Exposed Bedrock,May-Jul (Monsoon),15,Quick transit [1],
A4 Ratnapura (KM 110-112),Landslide,Medium,Poor Drainage,May-Jul (Monsoon),13,Monitor road surface [1],
A4 Ratnapura (KM 112-114),Accident Blackspot,Medium,High Speed,Year-round,55,Strictly adhere to speed limits [1],
A4 Ratnapura (KM 114-116),Earthslip,High,Saturated Slope,May-Jul (Monsoon),24,Watch for shoulder drop-offs [1],
A4 Ratnapura (KM 116-118),Heavy Mist,Medium,Poor Visibility,May-Jul (Monsoon),65,Night travel not recommended [1],
A4 Ratnapura (KM 118-120),Accident Blackspot,High,Sharp Bend,Year-round,68,Overtaking strictly prohibited [1],
A4 Ratnapura (KM 120-122),Landslide,High,Colluvium Soil,May-Jul (Monsoon),31,High risk of washout [1],
A4 Ratnapura (KM 122-124),Earthslip,Medium,Unstable Topsoil,May-Jul (Monsoon),17,Observe for minor soil collapses [1],
A4 Ratnapura (KM 124-126),Flash Flood,Low,Poor Drainage,May-Jul (Monsoon),9,Watch for water crossflows [1],
A4 Ratnapura (KM 126-128),Accident Blackspot,Medium,Wet Surface,May-Jul (Monsoon),42,Slippery during monsoon [1],
A4 Ratnapura (KM 128-130),Rock Fall,High,Hanging Boulders,May-Jul (Monsoon),22,Avoid travel during torrential downpours [1],
A4 Ratnapura (KM 130-132),Landslide,High,Historical Failure,May-Jul (Monsoon),36,Marangahawela Area; highly unstable [1],
A4 Ratnapura (KM 132-134),Earthslip,High,Soil Saturation,May-Jul (Monsoon),26,Adhere to warning signs [1],
A4 Ratnapura (KM 134-136),Accident Blackspot,High,Steep Gradient,Year-round,59,Check brakes frequently [1],
A4 Ratnapura (KM 136-138),Heavy Mist,High,High Altitude,May-Jul (Monsoon),88,Use low-beam headlights [1],
A4 Ratnapura (KM 138-140),Landslide,Medium,Slope Failure,May-Jul (Monsoon),15,Bypass if heavy rain [1],
A4 Ratnapura (KM 140-142),Earthslip,Medium,Deforestation,May-Jul (Monsoon),12,Beware of mud on asphalt [1],
A4 Ratnapura (KM 142-144),Accident Blackspot,High,Sharp Bend,Year-round,71,Yield to heavy vehicles [1],
A4 Ratnapura (KM 144-146),Rock Fall,Low,Weathered Rock,May-Jul (Monsoon),8,Do not park near rock face [1],
A4 Ratnapura (KM 146-148),Landslide,High,Saturated Soil,May-Jul (Monsoon),20,Avoid in extreme weather [1],
A4 Ratnapura (KM 148-150),Earthslip,High,Colluvium Soil,May-Jul (Monsoon),29,Watch for eroded road edges [1],
A4 Ratnapura (KM 150-152),Flash Flood,Low,Seasonal Streams,May-Jul (Monsoon),6,Cross water slowly [1],
A4 Ratnapura (KM 152-154),Landslide,High,Potential Failure,May-Jul (Monsoon),34,Identified risk area; continuous transit [1],
A1 Kegalle (KM 56-58),Landslide,High,Soil Saturation,May-Jul (Monsoon),19,Rank B Risk Area [1],
A1 Kegalle (KM 58-60),Accident Blackspot,High,Mixed Traffic,Year-round,82,Ambepussa stretch; strict speed control [1],
A1 Kegalle (KM 60-62),Earthslip,Medium,Residual Soil,May-Jul (Monsoon),14,Monitor shoulder stability [1],
A1 Kegalle (KM 62-64),Accident Blackspot,High,Sharp Bend,Year-round,65,Do not overtake [1],
A1 Kegalle (KM 64-66),Landslide,Medium,Slope Erosion,May-Jul (Monsoon),12,Avoid edge driving [1],
A1 Kegalle (KM 66-68),Accident Blackspot,High,High Speed,Year-round,77,Nelundeniya zone; radar monitoring [1],
A1 Kegalle (KM 68-70),Earthslip,High,Unstable Topsoil,May-Jul (Monsoon),22,Watch for shoulder drop-offs [1],
A1 Kegalle (KM 70-72),Accident Blackspot,Medium,Pedestrian Activity,Year-round,54,Galigamuwa town area; slow down [1],
A1 Kegalle (KM 72-74),Landslide,High,Steep Gradient,May-Jul (Monsoon),26,High risk of road washout [1],
A1 Kegalle (KM 74-76),Accident Blackspot,High,Severe Congestion,Year-round,95,Kegalle town approach; extreme caution [1],
A1 Kegalle (KM 76-78),Earthslip,Medium,Poor Drainage,May-Jul (Monsoon),15,Watch for debris [1],
A1 Kegalle (KM 78-80),Accident Blackspot,High,Complex Junction,Year-round,88,Watch for vehicles entering from by-lanes [1],
A1 Kegalle (KM 80-82),Landslide,High,Historical Failure,May-Jul (Monsoon),31,Adhere to NBRO warnings [1],
A1 Kegalle (KM 82-84),Accident Blackspot,Medium,Wet Surface,May-Jul (Monsoon),49,Slippery when wet [1],
A1 Kegalle (KM 84-86),Earthslip,High,Saturated Slope,May-Jul (Monsoon),25,Avoid parking on soft shoulders [1],
A1 Kegalle (KM 86-88),Flash Flood,Low,Poor Drainage,May-Jul (Monsoon),7,Check for water pooling [1],
A1 Kegalle (KM 88-90),Accident Blackspot,High,High Speed,Year-round,85,Mawanella zone; watch for heavy vehicles [1],
A1 Kegalle (KM 90-92),Landslide,Medium,Deforestation,May-Jul (Monsoon),16,Observe for minor soil collapses [1],
A1 Kegalle (KM 92-94),Accident Blackspot,High,Sharp Bend,Year-round,72,Maintain lane discipline [1],
A1 Kegalle (KM 94-96),Earthslip,Medium,Colluvium Soil,May-Jul (Monsoon),13,Monitor DMC alerts [1],
A6 Habarana (KM 90-92),Elephant Crossing,High,Wildlife Corridor,Year-round,85,Do not travel at dusk/dawn [2],
A6 Habarana (KM 92-94),Elephant Crossing,High,Water Sources,Jul-Sep (Dry Season),115,Pass quickly; watch for herds [3],
A6 Habarana (KM 94-96),Accident Blackspot,Medium,High Speed,Year-round,44,Maintain safe speeds [2],
A6 Habarana (KM 96-98),Elephant Crossing,High,Proximity to Park,Year-round,130,Never feed elephants; windows rolled up [2],
A6 Habarana (KM 98-100),Elephant Crossing,Medium,Highway Blockage,Year-round,65,Keep engine running if stopped [2],
A6 Habarana (KM 100-102),Accident Blackspot,High,Night Traffic,Year-round,58,Night travel strictly not recommended [2],
A6 Habarana (KM 102-104),Elephant Crossing,High,Aggressive Behavior,Year-round,105,Do not use horn against elephants [2],
A6 Habarana (KM 104-106),Elephant Crossing,High,Wildlife Corridor,Year-round,125,Travel in convoys during daytime [2],
A6 Habarana (KM 106-108),Accident Blackspot,Medium,Unpaved Edges,Year-round,39,Avoid shoulder driving [2],
A6 Habarana (KM 108-110),Elephant Crossing,High,Water Sources,Jul-Sep (Dry Season),140,Do not carry exposed fruits or food [3],
A6 Habarana (KM 110-112),Elephant Crossing,Medium,Reserve Border,Year-round,72,Obey DWC signage [2],
A6 Habarana (KM 112-114),Accident Blackspot,High,Speeding,Year-round,66,40km/h max [2],
A6 Habarana (KM 114-116),Elephant Crossing,High,Highway Blockage,Year-round,110,Travel behind larger vehicles [2],
A6 Habarana (KM 116-118),Elephant Crossing,Medium,Aggressive Behavior,Year-round,80,Do not honk at elephants [2],
A6 Habarana (KM 118-120),Flash Flood,Low,Seasonal Streams,Oct-Jan,8,Do not cross flowing water [2],
A6 Habarana (KM 120-122),Elephant Crossing,High,Wildlife Corridor,Year-round,135,Never feed wildlife [2],
A6 Habarana (KM 122-124),Elephant Crossing,High,Proximity to Park,Year-round,95,Keep windows closed; hide food [2],
A6 Habarana (KM 124-126),Accident Blackspot,Medium,Straight Road,Year-round,48,Avoid speeding to outrun wildlife [2],
A6 Habarana (KM 126-128),Elephant Crossing,High,Highway Blockage,Year-round,122,Do not attempt to maneuver around elephants [2],
A6 Habarana (KM 128-130),Elephant Crossing,Medium,Wildlife Corridor,Year-round,68,Obey warning signs [2],
A11 Polonnaruwa (KM 0-2),Elephant Crossing,High,Wildlife Corridor,Year-round,105,Do not travel at dusk/dawn [2],
A11 Polonnaruwa (KM 2-4),Accident Blackspot,Medium,High Speed,Year-round,41,Strict adherence to speed limits [2],
A11 Polonnaruwa (KM 4-6),Elephant Crossing,High,Water Sources,Jul-Sep (Dry Season),120,Pass quickly; watch for herds [2],
A11 Polonnaruwa (KM 6-8),Elephant Crossing,Medium,Highway Blockage,Year-round,75,Keep engine running if stopped [2],
A11 Polonnaruwa (KM 8-10),Accident Blackspot,High,Night Traffic,Year-round,52,Night travel heavily restricted [2],
A11 Polonnaruwa (KM 10-12),Elephant Crossing,High,Aggressive Behavior,Year-round,135,Never feed elephants [2],
A11 Polonnaruwa (KM 12-14),Elephant Crossing,High,Proximity to Park,Year-round,110,Travel in convoys during daytime [2],
A11 Polonnaruwa (KM 14-16),Flash Flood,Low,Poor Drainage,Oct-Jan,9,Check road status after heavy rains [2],
A11 Polonnaruwa (KM 16-18),Elephant Crossing,High,Wildlife Corridor,Year-round,145,Do not use horn against elephants [2],
A11 Polonnaruwa (KM 18-20),Accident Blackspot,Medium,Straight Road,Year-round,46,Do not speed [2],
A11 Polonnaruwa (KM 20-22),Elephant Crossing,High,Highway Blockage,Year-round,125,Do not carry exposed fruits or food [2],
A11 Polonnaruwa (KM 22-24),Elephant Crossing,Medium,Reserve Border,Year-round,82,Obey DWC signage [2],
A11 Polonnaruwa (KM 24-26),Accident Blackspot,Medium,Speeding,Year-round,38,40km/h max [2],
A11 Polonnaruwa (KM 26-28),Elephant Crossing,High,Water Sources,Jul-Sep (Dry Season),115,Travel behind larger vehicles [2],
A11 Polonnaruwa (KM 28-30),Elephant Crossing,High,Aggressive Behavior,Year-round,130,Do not attempt to maneuver around elephants [2],
A12 Anuradhapura (KM 40-42),Elephant Crossing,High,Wildlife Corridor,Year-round,95,Do not travel at dusk/dawn [4],
A12 Anuradhapura (KM 42-44),Elephant Crossing,High,Water Sources,Jul-Sep (Dry Season),125,Pass quickly; watch for herds [4],
A12 Anuradhapura (KM 44-46),Accident Blackspot,Medium,High Speed,Year-round,42,Maintain safe speeds [4],
A12 Anuradhapura (KM 46-48),Flash Flood,Medium,Poor Drainage,Oct-Dec,18,Water crosses road during heavy showers [4],
A12 Anuradhapura (KM 48-50),Elephant Crossing,High,Proximity to Park,Year-round,110,Never feed elephants [4],
A12 Anuradhapura (KM 50-52),Elephant Crossing,Medium,Highway Blockage,Year-round,65,Keep engine running if stopped [4],
A12 Anuradhapura (KM 52-54),Accident Blackspot,High,Night Traffic,Year-round,55,Night travel strictly not recommended [4],
A12 Anuradhapura (KM 54-56),Elephant Crossing,High,Aggressive Behavior,Year-round,135,Do not use horn against elephants [4],
A12 Anuradhapura (KM 56-58),Flash Flood,High,River Overflow,Oct-Dec,24,Do not attempt to cross flooded dips [4],
A12 Anuradhapura (KM 58-60),Elephant Crossing,High,Wildlife Corridor,Year-round,145,Travel in convoys during daytime [4],
A12 Anuradhapura (KM 60-62),Accident Blackspot,Medium,Straight Road,Year-round,49,Avoid speeding to outrun wildlife [4],
A12 Anuradhapura (KM 62-64),Elephant Crossing,High,Water Sources,Jul-Sep (Dry Season),120,Do not carry exposed fruits or food [4],
A12 Anuradhapura (KM 64-66),Elephant Crossing,Medium,Reserve Border,Year-round,78,Obey DWC signage [4],
A12 Anuradhapura (KM 66-68),Accident Blackspot,Medium,Speeding,Year-round,44,40km/h max [4],
A12 Anuradhapura (KM 68-70),Flash Flood,Medium,Seasonal Streams,Oct-Dec,15,Cross water slowly [4],
A12 Anuradhapura (KM 70-72),Elephant Crossing,High,Highway Blockage,Year-round,130,Travel behind larger vehicles [4],
A12 Anuradhapura (KM 72-74),Elephant Crossing,High,Aggressive Behavior,Year-round,115,Do not honk at elephants [4],
A12 Anuradhapura (KM 74-76),Accident Blackspot,High,Poor Lighting,Year-round,62,Night travel not recommended [4],
A12 Anuradhapura (KM 76-78),Elephant Crossing,High,Proximity to Park,Year-round,105,Keep windows closed; hide food [4],
A12 Anuradhapura (KM 78-80),Elephant Crossing,Medium,Wildlife Corridor,Year-round,70,Obey warning signs [4],
B245 Kaduwela (KM 1-2),Flash Flood,High,River Overflow,May-Jul (Monsoon),42,Avoid during intense SW monsoon rain [5],
B245 Kaduwela (KM 2-3),Accident Blackspot,Medium,Wet Surface,May-Jul (Monsoon),35,Slippery when wet [5],
B245 Kaduwela (KM 3-4),Flash Flood,High,Retention Basin,May-Jul (Monsoon),55,Maha Ela basin; total submersion risk [5],
B245 Kaduwela (KM 4-5),Flash Flood,High,Poor Drainage,May-Jul (Monsoon),48,Do not attempt to cross flooded dips [5],
B245 Kaduwela (KM 5-6),Accident Blackspot,Medium,Severe Congestion,Year-round,65,Maintain lane discipline [5],
B245 Kaduwela (KM 6-7),Flash Flood,High,Low Lying Area,May-Jul (Monsoon),38,Watch for shoulder flooding [5],
B245 Kaduwela (KM 7-8),Flash Flood,Medium,Poor Drainage,May-Jul (Monsoon),22,Check for water on road [5],
B245 Kaduwela (KM 8-9),Accident Blackspot,High,Complex Junction,Year-round,72,Athurugiriya approach; slow down [5],
B245 Kaduwela (KM 9-10),Flash Flood,High,Retention Basin,May-Jul (Monsoon),51,Avoid in heavy downpours [5],
B245 Kaduwela (KM 10-11),Accident Blackspot,Medium,Pedestrian Activity,Year-round,45,Watch for crossing pedestrians [5],
A2 Colombo-Galle (KM 10-12),Accident Blackspot,High,Severe Congestion,Year-round,135,Ratmalana zone; extreme caution [6],
A2 Colombo-Galle (KM 12-14),Accident Blackspot,High,Complex Junction,Year-round,120,Follow lane markings strictly [6],
A2 Colombo-Galle (KM 14-16),Accident Blackspot,High,Pedestrian Activity,Year-round,115,Moratuwa zone; watch for cyclists [6],
A2 Colombo-Galle (KM 16-18),Flash Flood,Medium,Coastal Inundation,May-Jul (Monsoon),18,Watch for standing water [6],
A2 Colombo-Galle (KM 18-20),Accident Blackspot,High,Mixed Traffic,Year-round,105,Yield to buses [6],
A2 Colombo-Galle (KM 20-22),Accident Blackspot,High,Unregulated Access,Year-round,98,Panadura zone; watch for entering vehicles [6],
A2 Colombo-Galle (KM 22-24),Accident Blackspot,High,Speeding,Year-round,92,High density of fatal crashes [7],
A2 Colombo-Galle (KM 24-26),Flash Flood,Low,Poor Drainage,May-Jul (Monsoon),12,Do not cross flooded dips [6],
A2 Colombo-Galle (KM 26-28),Accident Blackspot,Medium,Wet Surface,May-Jul (Monsoon),65,Slippery during monsoon [6],
A2 Colombo-Galle (KM 28-30),Accident Blackspot,High,Complex Junction,Year-round,110,Kalutara zone; slow down [6],
A2 Colombo-Galle (KM 30-32),Accident Blackspot,High,Pedestrian Activity,Year-round,102,Watch for crossing pedestrians [6],
A2 Colombo-Galle (KM 32-34),Flash Flood,Medium,River Overflow,May-Jul (Monsoon),25,Kalu Ganga overflow risk [6],
A2 Colombo-Galle (KM 34-36),Accident Blackspot,High,Speeding,Year-round,88,Radar monitoring [6],
A2 Colombo-Galle (KM 36-38),Accident Blackspot,Medium,Mixed Traffic,Year-round,75,Beware of sudden stops by route buses [6],
A2 Colombo-Galle (KM 38-40),Accident Blackspot,High,Unregulated Access,Year-round,95,Payagala zone; extreme caution [6],
A2 Colombo-Galle (KM 40-42),Flash Flood,Low,Coastal Inundation,May-Jul (Monsoon),10,Watch for shoulder flooding [6],
A2 Colombo-Galle (KM 42-44),Accident Blackspot,High,Severe Congestion,Year-round,108,Maggona zone; maintain lane discipline [6],
A2 Colombo-Galle (KM 44-46),Accident Blackspot,High,Complex Junction,Year-round,115,Beruwala zone; yield to heavy freight [6],
A2 Colombo-Galle (KM 46-48),Accident Blackspot,High,Pedestrian Activity,Year-round,98,Watch for cyclists [6],
A2 Colombo-Galle (KM 48-50),Flash Flood,Medium,River Overflow,May-Jul (Monsoon),22,Bentota Ganga overflow risk [6],
A2 Colombo-Galle (KM 50-52),Accident Blackspot,High,Mixed Traffic,Year-round,105,Aluthgama zone; slow down [6],
A2 Colombo-Galle (KM 52-54),Accident Blackspot,High,Speeding,Year-round,92,Enforce speed limits [6],
A2 Colombo-Galle (KM 54-56),Accident Blackspot,Medium,Wet Surface,May-Jul (Monsoon),68,Slippery when wet [6],
A2 Colombo-Galle (KM 56-58),Accident Blackspot,High,Unregulated Access,Year-round,85,Watch for vehicles entering from by-lanes [6],
A2 Colombo-Galle (KM 58-60),Flash Flood,Low,Poor Drainage,May-Jul (Monsoon),15,Check for water pooling [6],
A3 Puttalam (KM 80-82),Flash Flood,High,River Overflow,Oct-Dec,45,High risk of road washout [8],
A3 Puttalam (KM 82-84),Accident Blackspot,Medium,Wet Surface,Oct-Dec,52,Slippery when wet [8],
A3 Puttalam (KM 84-86),Flash Flood,High,Basin Overflow,Oct-Dec,58,Total submersion risk; avoid in storms [8],
A3 Puttalam (KM 86-88),Accident Blackspot,High,High Speed,Year-round,75,Strict adherence to speed limits [9],
A3 Puttalam (KM 88-90),Flash Flood,High,Poor Drainage,Oct-Dec,42,Do not attempt to cross flooded dips [8],
A3 Puttalam (KM 90-92),Accident Blackspot,Medium,Straight Road,Year-round,65,Avoid highway hypnosis [9],
A3 Puttalam (KM 92-94),Flash Flood,Medium,Low Lying Area,Oct-Dec,28,Watch for shoulder flooding [8],
A3 Puttalam (KM 94-96),Accident Blackspot,High,Pedestrian Activity,Year-round,82,Watch for crossing pedestrians [9],
A3 Puttalam (KM 96-98),Flash Flood,High,River Overflow,Oct-Dec,55,Monitor DMC alerts [8],
A3 Puttalam (KM 98-100),Accident Blackspot,Medium,Complex Junction,Year-round,68,Follow lane markings [9],
A3 Puttalam (KM 100-102),Flash Flood,Medium,Seasonal Streams,Oct-Dec,32,Cross water slowly [8],
A3 Puttalam (KM 102-104),Accident Blackspot,High,Speeding,Year-round,88,Radar monitoring [9],
A3 Puttalam (KM 104-106),Flash Flood,High,Basin Overflow,Oct-Dec,62,High risk of road washout [8],
A3 Puttalam (KM 106-108),Accident Blackspot,Medium,Night Traffic,Year-round,58,Ensure proper vehicle lighting [9],
A3 Puttalam (KM 108-110),Flash Flood,High,Poor Drainage,Oct-Dec,48,Avoid in heavy downpours [8],
A3 Puttalam (KM 110-112),Accident Blackspot,High,Mixed Traffic,Year-round,72,Yield to heavy vehicles [9],
A3 Puttalam (KM 112-114),Flash Flood,Low,Coastal Inundation,Oct-Dec,15,Watch for standing water [8],
A3 Puttalam (KM 114-116),Accident Blackspot,Medium,Unpaved Edges,Year-round,45,Avoid shoulder driving [9],
A3 Puttalam (KM 116-118),Flash Flood,Medium,Low Lying Area,Oct-Dec,25,Check for water on road [8],
A3 Puttalam (KM 118-120),Accident Blackspot,High,Severe Congestion,Year-round,95,Puttalam town approach; slow down [9],
E02 Outer Circular (KM 0-2),Aquaplaning,High,Normal Curve,"""""May-Jul"," Oct-Dec""""",45,Follow variable message signs (VMS) [10]
E02 Outer Circular (KM 2-4),Accident Blackspot,Medium,Interchange Traffic,Year-round,52,Merge with extreme caution [10],
E02 Outer Circular (KM 4-6),Aquaplaning,High,Reverse Curve,"""""May-Jul"," Oct-Dec""""",68,Reduce speed below 80km/h in rain [10]
E02 Outer Circular (KM 6-8),Accident Blackspot,High,High Speed,Year-round,75,Avoid sudden lane changes [10],
E02 Outer Circular (KM 8-10),Aquaplaning,Medium,Surface Water,"""""May-Jul"," Oct-Dec""""",35,Avoid sudden braking on wet asphalt [10]
E02 Outer Circular (KM 10-12),Flash Flood,Low,Low Lying Area,May-Jul (Monsoon),8,Watch for shoulder flooding [10],
E02 Outer Circular (KM 12-14),Aquaplaning,High,Normal Curve,"""""May-Jul"," Oct-Dec""""",55,Do not use cruise control in the rain [10]
E02 Outer Circular (KM 14-16),Accident Blackspot,Medium,Driver Fatigue,Year-round,48,Maintain minimum following distance [10],
E02 Outer Circular (KM 16-18),Aquaplaning,High,Reverse Curve,"""""May-Jul"," Oct-Dec""""",72,Lane 2 highly susceptible to pooling [10]
E02 Outer Circular (KM 18-20),Accident Blackspot,High,High Speed,Year-round,82,Extreme caution required [10],
E02 Outer Circular (KM 20-22),Aquaplaning,Medium,Surface Water,"""""May-Jul"," Oct-Dec""""",42,Check tire tread depth [10]
E02 Outer Circular (KM 22-24),Flash Flood,Low,River Overflow,May-Jul (Monsoon),12,Kelani River basin overflow risk [10],
E02 Outer Circular (KM 24-26),Aquaplaning,High,Normal Curve,"""""May-Jul"," Oct-Dec""""",65,Reduce speed to 70km/h during storms [10]
E02 Outer Circular (KM 26-28),Accident Blackspot,Medium,Interchange Traffic,Year-round,58,Kadawata approach; slow down [10],
E03 Colombo-Katunayake (KM 0-2),Accident Blackspot,High,Interchange Traffic,Year-round,85,Peliyagoda approach; extreme caution [10],
E03 Colombo-Katunayake (KM 2-4),Aquaplaning,High,Surface Water,"""""May-Jul"," Oct-Dec""""",52,Do not overtake in heavy rain [10]
E03 Colombo-Katunayake (KM 4-6),Flash Flood,Medium,Low Lying Area,May-Jul (Monsoon),25,Muthurajawela marsh proximity [10],
E03 Colombo-Katunayake (KM 6-8),Accident Blackspot,Medium,High Speed,Year-round,65,Maintain following distance [10],
E03 Colombo-Katunayake (KM 8-10),Aquaplaning,High,Reverse Curve,"""""May-Jul"," Oct-Dec""""",75,80km/h maximum in rain [10]
E03 Colombo-Katunayake (KM 10-12),Accident Blackspot,High,Speeding,Year-round,92,Radar monitoring active [10],
E03 Colombo-Katunayake (KM 12-14),Aquaplaning,Medium,Normal Curve,"""""May-Jul"," Oct-Dec""""",48,Avoid sudden braking [10]
E03 Colombo-Katunayake (KM 14-16),Flash Flood,Low,Poor Drainage,May-Jul (Monsoon),15,Watch for standing water [10],
E03 Colombo-Katunayake (KM 16-18),Accident Blackspot,Medium,Driver Fatigue,Year-round,55,Airport traffic; stay alert [10],
E03 Colombo-Katunayake (KM 18-20),Aquaplaning,High,Reverse Curve,"""""May-Jul"," Oct-Dec""""",68,Significant cross-slope transition risk [10]
E03 Colombo-Katunayake (KM 20-22),Accident Blackspot,High,Interchange Traffic,Year-round,78,Katunayake exit; merge carefully [10],
A10 Katugastota-Puttalam (KM 0-2),Accident Blackspot,High,Urban Traffic,Year-round,65,Slow down in Katugastota [11],
A10 Katugastota-Puttalam (KM 2-4),Earthslip,Medium,Steep Gradient,May-Jul (Monsoon),14,Avoid shoulder parking,
A10 Katugastota-Puttalam (KM 4-6),Accident Blackspot,Medium,Complex Junction,Year-round,51,Maintain lane discipline,
A10 Katugastota-Puttalam (KM 6-8),Rock Fall,Low,Exposed Bedrock,May-Jul (Monsoon),9,Quick transit,
A10 Katugastota-Puttalam (KM 8-10),Accident Blackspot,High,Sharp Bend,Year-round,72,Use horn at blind spots,
A10 Katugastota-Puttalam (KM 10-12),Flash Flood,Medium,Poor Drainage,Oct-Dec,18,Avoid flooded dips,
A10 Katugastota-Puttalam (KM 12-14),Accident Blackspot,High,Speeding,Year-round,66,Radar monitoring active,
A10 Katugastota-Puttalam (KM 14-16),Earthslip,High,Saturated Slope,May-Jul (Monsoon),24,Monitor DMC alerts,
A10 Katugastota-Puttalam (KM 16-18),Accident Blackspot,Medium,Pedestrian Activity,Year-round,45,Watch for crossing pedestrians,
A10 Katugastota-Puttalam (KM 18-20),Flash Flood,Low,Low Lying Area,Oct-Dec,11,Watch for standing water,
A10 Katugastota-Puttalam (KM 20-22),Accident Blackspot,High,High Speed,Year-round,78,Do not overtake,
A10 Katugastota-Puttalam (KM 22-24),Earthslip,Medium,Deforestation,May-Jul (Monsoon),16,Observe for minor soil collapses,
A10 Katugastota-Puttalam (KM 24-26),Accident Blackspot,High,Severe Congestion,Year-round,88,Kurunegala approach; slow down,
A10 Katugastota-Puttalam (KM 26-28),Flash Flood,Medium,Retention Basin,Oct-Dec,21,High inundation risk,
A10 Katugastota-Puttalam (KM 28-30),Accident Blackspot,Medium,Wet Surface,May-Jul (Monsoon),39,Slippery when wet,
A10 Katugastota-Puttalam (KM 30-32),Elephant Crossing,Low,Wildlife Corridor,Year-round,14,Obey warning signs,
A10 Katugastota-Puttalam (KM 32-34),Accident Blackspot,High,Mixed Traffic,Year-round,67,Yield to heavy vehicles,
A10 Katugastota-Puttalam (KM 34-36),Flash Flood,Low,River Overflow,Oct-Dec,15,Watch for shoulder flooding,
A10 Katugastota-Puttalam (KM 36-38),Accident Blackspot,Medium,Driver Fatigue,Year-round,48,Avoid highway hypnosis,
A10 Katugastota-Puttalam (KM 38-40),Elephant Crossing,Medium,Proximity to Park,Year-round,31,Do not sound horn at elephants,
A10 Katugastota-Puttalam (KM 40-42),Accident Blackspot,High,Straight Road,Year-round,73,Strict speed control,
A10 Katugastota-Puttalam (KM 42-44),Flash Flood,High,Basin Overflow,Oct-Dec,44,Severe washout risk,
A10 Katugastota-Puttalam (KM 44-46),Accident Blackspot,Medium,Night Traffic,Year-round,52,Ensure proper vehicle lighting,
A10 Katugastota-Puttalam (KM 46-48),Elephant Crossing,High,Water Sources,Jul-Sep (Dry Season),68,Do not travel at dusk/dawn,
A10 Katugastota-Puttalam (KM 48-50),Accident Blackspot,High,Complex Junction,Year-round,81,Puttalam approach; caution,
A11 Habarana-Batticaloa (KM 0-2),Elephant Crossing,High,Wildlife Corridor,Year-round,105,Travel behind larger vehicles,
A11 Habarana-Batticaloa (KM 2-4),Accident Blackspot,Medium,High Speed,Year-round,45,Avoid sudden lane changes,
A11 Habarana-Batticaloa (KM 4-6),Elephant Crossing,High,Water Sources,Jul-Sep (Dry Season),125,Minneriya crossing; high risk,
A11 Habarana-Batticaloa (KM 6-8),Accident Blackspot,High,Night Traffic,Year-round,66,Night travel not recommended,
A11 Habarana-Batticaloa (KM 8-10),Elephant Crossing,High,Aggressive Behavior,Year-round,140,Never feed elephants [12],
A11 Habarana-Batticaloa (KM 10-12),Flash Flood,Low,Poor Drainage,Oct-Dec,18,Check for water on road,
A11 Habarana-Batticaloa (KM 12-14),Accident Blackspot,Medium,Straight Road,Year-round,55,Maintain safe speeds,
A11 Habarana-Batticaloa (KM 14-16),Elephant Crossing,High,Proximity to Park,Year-round,115,Keep windows closed; hide food,
A11 Habarana-Batticaloa (KM 16-18),Accident Blackspot,High,Speeding,Year-round,82,Radar monitoring active,
A11 Habarana-Batticaloa (KM 18-20),Elephant Crossing,Medium,Reserve Border,Year-round,74,Obey DWC signage,
A11 Habarana-Batticaloa (KM 20-22),Flash Flood,Medium,River Overflow,Oct-Dec,22,Do not cross flooded dips,
A11 Habarana-Batticaloa (KM 22-24),Accident Blackspot,Medium,Wet Surface,Oct-Dec,39,Slippery when wet,
A11 Habarana-Batticaloa (KM 24-26),Elephant Crossing,High,Wildlife Corridor,Year-round,135,Travel in convoys during daytime,
A11 Habarana-Batticaloa (KM 26-28),Accident Blackspot,High,Pedestrian Activity,Year-round,61,Watch for crossing pedestrians,
A11 Habarana-Batticaloa (KM 28-30),Elephant Crossing,High,Highway Blockage,Year-round,150,Pass quickly; watch for herds,
A11 Habarana-Batticaloa (KM 30-32),Flash Flood,Low,Low Lying Area,Oct-Dec,14,Watch for shoulder flooding,
A11 Habarana-Batticaloa (KM 32-34),Accident Blackspot,Medium,Driver Fatigue,Year-round,48,Take frequent breaks,
A11 Habarana-Batticaloa (KM 34-36),Elephant Crossing,Medium,Water Sources,Jul-Sep (Dry Season),88,Do not use horn against elephants,
A11 Habarana-Batticaloa (KM 36-38),Accident Blackspot,High,Unregulated Access,Year-round,75,Watch for entering vehicles,
A11 Habarana-Batticaloa (KM 38-40),Flash Flood,High,Basin Overflow,Oct-Dec,41,High inundation risk,
A11 Habarana-Batticaloa (KM 40-42),Elephant Crossing,High,Wildlife Corridor,Year-round,105,Do not travel at dusk/dawn,
A11 Habarana-Batticaloa (KM 42-44),Accident Blackspot,Medium,Complex Junction,Year-round,58,Follow lane markings,
A11 Habarana-Batticaloa (KM 44-46),Elephant Crossing,Medium,Proximity to Park,Year-round,62,Keep engine running if stopped,
A11 Habarana-Batticaloa (KM 46-48),Flash Flood,Medium,Poor Drainage,Oct-Dec,25,Cross water slowly,
A11 Habarana-Batticaloa (KM 48-50),Accident Blackspot,High,High Speed,Year-round,88,Batticaloa approach; extreme caution,
A12 Puttalam-Trincomalee (KM 0-2),Flash Flood,High,River Overflow,Oct-Dec,45,Severe washout risk,
A12 Puttalam-Trincomalee (KM 2-4),Accident Blackspot,Medium,Wet Surface,Oct-Dec,36,Slippery when wet,
A12 Puttalam-Trincomalee (KM 4-6),Flash Flood,High,Basin Overflow,Oct-Dec,55,Avoid in heavy downpours,
A12 Puttalam-Trincomalee (KM 6-8),Accident Blackspot,High,Straight Road,Year-round,72,Avoid highway hypnosis,
A12 Puttalam-Trincomalee (KM 8-10),Elephant Crossing,Low,Wildlife Corridor,Year-round,22,Obey warning signs,
A12 Puttalam-Trincomalee (KM 10-12),Accident Blackspot,Medium,Night Traffic,Year-round,48,Ensure proper vehicle lighting,
A12 Puttalam-Trincomalee (KM 12-14),Flash Flood,Low,Poor Drainage,Oct-Dec,18,Check for water pooling,
A12 Puttalam-Trincomalee (KM 14-16),Accident Blackspot,High,Speeding,Year-round,85,Radar monitoring active,
A12 Puttalam-Trincomalee (KM 16-18),Elephant Crossing,Medium,Proximity to Park,Year-round,51,Do not sound horn at elephants,
A12 Puttalam-Trincomalee (KM 18-20),Accident Blackspot,Medium,Mixed Traffic,Year-round,41,Yield to heavy vehicles,
A12 Puttalam-Trincomalee (KM 20-22),Flash Flood,Medium,Seasonal Streams,Oct-Dec,29,Do not cross flooded dips,
A12 Puttalam-Trincomalee (KM 22-24),Accident Blackspot,High,Pedestrian Activity,Year-round,66,Watch for cyclists,
A12 Puttalam-Trincomalee (KM 24-26),Elephant Crossing,High,Water Sources,Jul-Sep (Dry Season),110,Anuradhapura crossing; high risk [4],
A12 Puttalam-Trincomalee (KM 26-28),Accident Blackspot,Medium,Unpaved Edges,Year-round,38,Avoid shoulder driving,
A12 Puttalam-Trincomalee (KM 28-30),Flash Flood,Low,Low Lying Area,Oct-Dec,12,Watch for shoulder flooding,
A12 Puttalam-Trincomalee (KM 30-32),Elephant Crossing,High,Highway Blockage,Year-round,135,Travel behind larger vehicles,
A12 Puttalam-Trincomalee (KM 32-34),Accident Blackspot,High,High Speed,Year-round,78,Do not overtake,
A12 Puttalam-Trincomalee (KM 34-36),Elephant Crossing,Medium,Reserve Border,Year-round,82,Obey DWC signage,
A12 Puttalam-Trincomalee (KM 36-38),Accident Blackspot,Medium,Driver Fatigue,Year-round,45,Take frequent breaks,
A12 Puttalam-Trincomalee (KM 38-40),Flash Flood,High,Retention Basin,Oct-Dec,48,Total submersion risk,
A12 Puttalam-Trincomalee (KM 40-42),Elephant Crossing,High,Aggressive Behavior,Year-round,125,Never feed elephants,
A12 Puttalam-Trincomalee (KM 42-44),Accident Blackspot,High,Complex Junction,Year-round,71,Slow down,
A12 Puttalam-Trincomalee (KM 44-46),Flash Flood,Medium,Poor Drainage,Oct-Dec,24,Cross water slowly,
A12 Puttalam-Trincomalee (KM 46-48),Elephant Crossing,High,Wildlife Corridor,Year-round,145,Do not travel at dusk/dawn,
A12 Puttalam-Trincomalee (KM 48-50),Accident Blackspot,High,Severe Congestion,Year-round,92,Trincomalee approach; caution,
A6 Ambepussa-Trinco (KM 0-2),Accident Blackspot,High,Urban Traffic,Year-round,85,Ambepussa stretch; strict speed control,
A6 Ambepussa-Trinco (KM 2-4),Earthslip,Medium,Residual Soil,May-Jul (Monsoon),16,Monitor shoulder stability,
A6 Ambepussa-Trinco (KM 4-6),Accident Blackspot,High,Sharp Bend,Year-round,68,Do not overtake,
A6 Ambepussa-Trinco (KM 6-8),Flash Flood,Low,Poor Drainage,May-Jul (Monsoon),11,Check for water on road,
A6 Ambepussa-Trinco (KM 8-10),Accident Blackspot,High,High Speed,Year-round,92,Radar monitoring,
A6 Ambepussa-Trinco (KM 10-12),Earthslip,High,Unstable Topsoil,May-Jul (Monsoon),28,Watch for shoulder drop-offs,
A6 Ambepussa-Trinco (KM 12-14),Accident Blackspot,Medium,Pedestrian Activity,Year-round,55,Slow down,
A6 Ambepussa-Trinco (KM 14-16),Flash Flood,Medium,River Overflow,Oct-Dec,22,Avoid in heavy downpours,
A6 Ambepussa-Trinco (KM 16-18),Accident Blackspot,High,Complex Junction,Year-round,88,Watch for vehicles entering from by-lanes,
A6 Ambepussa-Trinco (KM 18-20),Elephant Crossing,Low,Wildlife Corridor,Year-round,18,Obey warning signs,
A6 Ambepussa-Trinco (KM 20-22),Accident Blackspot,Medium,Wet Surface,May-Jul (Monsoon),49,Slippery when wet,
A6 Ambepussa-Trinco (KM 22-24),Earthslip,Medium,Saturated Slope,May-Jul (Monsoon),15,Avoid parking on soft shoulders,
A6 Ambepussa-Trinco (KM 24-26),Accident Blackspot,High,High Speed,Year-round,75,Maintain lane discipline,
A6 Ambepussa-Trinco (KM 26-28),Flash Flood,Low,Low Lying Area,Oct-Dec,14,Watch for standing water,
A6 Ambepussa-Trinco (KM 28-30),Accident Blackspot,Medium,Night Traffic,Year-round,52,Ensure proper vehicle lighting,
A6 Ambepussa-Trinco (KM 30-32),Elephant Crossing,High,Water Sources,Jul-Sep (Dry Season),125,Pass quickly; watch for herds,
A6 Ambepussa-Trinco (KM 32-34),Accident Blackspot,High,Driver Fatigue,Year-round,82,Dambulla stretch; avoid highway hypnosis,
A6 Ambepussa-Trinco (KM 34-36),Elephant Crossing,Medium,Reserve Border,Year-round,68,Obey DWC signage,
A6 Ambepussa-Trinco (KM 36-38),Flash Flood,High,Basin Overflow,Oct-Dec,41,High risk of road washout,
A6 Ambepussa-Trinco (KM 38-40),Accident Blackspot,Medium,Unpaved Edges,Year-round,45,Avoid shoulder driving,
A6 Ambepussa-Trinco (KM 40-42),Elephant Crossing,High,Aggressive Behavior,Year-round,140,Never feed elephants,
A6 Ambepussa-Trinco (KM 42-44),Accident Blackspot,High,Straight Road,Year-round,77,Strict speed control,
A6 Ambepussa-Trinco (KM 44-46),Elephant Crossing,High,Highway Blockage,Year-round,135,Travel in convoys during daytime,
A6 Ambepussa-Trinco (KM 46-48),Flash Flood,Medium,Poor Drainage,Oct-Dec,26,Do not cross flooded dips,
A6 Ambepussa-Trinco (KM 48-50),Accident Blackspot,High,Severe Congestion,Year-round,95,Trincomalee approach; extreme caution,
A15 Batticaloa-Trinco (KM 0-2),Flash Flood,High,Coastal Inundation,Oct-Dec,55,Severe washout risk,
A15 Batticaloa-Trinco (KM 2-4),Accident Blackspot,Medium,Urban Traffic,Year-round,62,Slow down in Batticaloa,
A15 Batticaloa-Trinco (KM 4-6),Flash Flood,High,River Overflow,Oct-Dec,68,Avoid in storms,
A15 Batticaloa-Trinco (KM 6-8),Accident Blackspot,High,Speeding,Year-round,85,Radar monitoring active,
A15 Batticaloa-Trinco (KM 8-10),Elephant Crossing,Low,Wildlife Corridor,Year-round,22,Obey warning signs,
A15 Batticaloa-Trinco (KM 10-12),Flash Flood,Medium,Poor Drainage,Oct-Dec,31,Check for water on road,
A15 Batticaloa-Trinco (KM 12-14),Accident Blackspot,Medium,Straight Road,Year-round,58,Maintain safe speeds,
A15 Batticaloa-Trinco (KM 14-16),Flash Flood,High,Lagoon Overflow,Oct-Dec,52,Total submersion risk,
A15 Batticaloa-Trinco (KM 16-18),Accident Blackspot,High,Pedestrian Activity,Year-round,75,Watch for crossing pedestrians,
A15 Batticaloa-Trinco (KM 18-20),Elephant Crossing,Medium,Proximity to Park,Year-round,65,Do not travel at dusk/dawn,
A15 Batticaloa-Trinco (KM 20-22),Flash Flood,Low,Seasonal Streams,Oct-Dec,16,Cross water slowly,
A15 Batticaloa-Trinco (KM 22-24),Accident Blackspot,Medium,Night Traffic,Year-round,44,Night travel heavily restricted,
A15 Batticaloa-Trinco (KM 24-26),Elephant Crossing,High,Highway Blockage,Year-round,115,Pass quickly,
A15 Batticaloa-Trinco (KM 26-28),Accident Blackspot,High,Unregulated Access,Year-round,82,Watch for entering vehicles,
A15 Batticaloa-Trinco (KM 28-30),Flash Flood,High,Retention Basin,Oct-Dec,48,Monitor DMC alerts,
A15 Batticaloa-Trinco (KM 30-32),Elephant Crossing,High,Aggressive Behavior,Year-round,130,Never feed elephants,
A15 Batticaloa-Trinco (KM 32-34),Accident Blackspot,Medium,Wet Surface,Oct-Dec,41,Slippery when wet,
A15 Batticaloa-Trinco (KM 34-36),Elephant Crossing,High,Water Sources,Jul-Sep (Dry Season),125,Travel behind larger vehicles,
A15 Batticaloa-Trinco (KM 36-38),Flash Flood,Medium,Low Lying Area,Oct-Dec,28,Watch for shoulder flooding,
A15 Batticaloa-Trinco (KM 38-40),Accident Blackspot,High,Driver Fatigue,Year-round,92,Avoid highway hypnosis,
A18 Pelmadulla-Nonagama (KM 0-2),Landslide,Medium,Slope Failure,May-Jul (Monsoon),18,Avoid edge driving,
A18 Pelmadulla-Nonagama (KM 2-4),Accident Blackspot,High,Sharp Bend,Year-round,65,Reduce speed significantly,
A18 Pelmadulla-Nonagama (KM 4-6),Earthslip,High,Saturated Soil,May-Jul (Monsoon),26,Watch for shoulder drop-offs,
A18 Pelmadulla-Nonagama (KM 6-8),Accident Blackspot,Medium,Mixed Traffic,Year-round,48,Yield to heavy vehicles,
A18 Pelmadulla-Nonagama (KM 8-10),Rock Fall,Low,Weathered Rock,May-Jul (Monsoon),11,Do not park near rock face,
A18 Pelmadulla-Nonagama (KM 10-12),Accident Blackspot,High,High Speed,Year-round,82,Maintain lane discipline,
A18 Pelmadulla-Nonagama (KM 12-14),Flash Flood,Medium,River Overflow,May-Jul (Monsoon),22,Do not cross flooded dips,
A18 Pelmadulla-Nonagama (KM 14-16),Accident Blackspot,Medium,Wet Surface,May-Jul (Monsoon),39,Slippery when wet,
A18 Pelmadulla-Nonagama (KM 16-18),Elephant Crossing,Low,Reserve Border,Year-round,16,Obey DWC signage,
A18 Pelmadulla-Nonagama (KM 18-20),Accident Blackspot,High,Complex Junction,Year-round,75,Embilipitiya approach; caution,
A18 Pelmadulla-Nonagama (KM 20-22),Flash Flood,High,Basin Overflow,May-Jul (Monsoon),44,Severe washout risk,
A18 Pelmadulla-Nonagama (KM 22-24),Accident Blackspot,Medium,Pedestrian Activity,Year-round,52,Watch for crossing pedestrians,
A18 Pelmadulla-Nonagama (KM 24-26),Elephant Crossing,High,Proximity to Park,Year-round,115,Keep windows closed; hide food,
A18 Pelmadulla-Nonagama (KM 26-28),Accident Blackspot,High,Speeding,Year-round,88,Radar monitoring active,
A18 Pelmadulla-Nonagama (KM 28-30),Elephant Crossing,High,Highway Blockage,Year-round,140,Travel in convoys during daytime [13],
A18 Pelmadulla-Nonagama (KM 30-32),Flash Flood,Low,Poor Drainage,May-Jul (Monsoon),14,Check for water pooling,
A18 Pelmadulla-Nonagama (KM 32-34),Accident Blackspot,Medium,Straight Road,Year-round,61,Avoid highway hypnosis,
A18 Pelmadulla-Nonagama (KM 34-36),Elephant Crossing,High,Aggressive Behavior,Year-round,125,Never feed elephants,
A18 Pelmadulla-Nonagama (KM 36-38),Accident Blackspot,High,Night Traffic,Year-round,72,Night travel heavily restricted,
A18 Pelmadulla-Nonagama (KM 38-40),Flash Flood,Medium,Seasonal Streams,May-Jul (Monsoon),28,Cross water slowly,
A9 Kandy-Jaffna (KM 200-202),Accident Blackspot,High,Straight Road,Year-round,85,Avoid driver fatigue [14],
A9 Kandy-Jaffna (KM 202-204),Accident Blackspot,Medium,High Speed,Year-round,62,Enforce speed limits,
A9 Kandy-Jaffna (KM 204-206),Accident Blackspot,High,Pedestrian Activity,Year-round,78,Watch for cyclists,
A9 Kandy-Jaffna (KM 206-208),Flash Flood,Low,Poor Drainage,Oct-Dec,15,Check for water on road,
A9 Kandy-Jaffna (KM 208-210),Accident Blackspot,High,Geometric Flaw,Year-round,92,Do not overtake,
A9 Kandy-Jaffna (KM 210-212),Accident Blackspot,Medium,Wet Surface,Oct-Dec,41,Slippery when wet,
A9 Kandy-Jaffna (KM 212-214),Accident Blackspot,High,Speeding,Year-round,88,Radar monitoring active,
A9 Kandy-Jaffna (KM 214-216),Flash Flood,Medium,Low Lying Area,Oct-Dec,22,Watch for shoulder flooding,
A9 Kandy-Jaffna (KM 216-218),Accident Blackspot,High,Cross Traffic,Year-round,75,Beware of intersecting minor roads,
A9 Kandy-Jaffna (KM 218-220),Accident Blackspot,Medium,Night Traffic,Year-round,48,Ensure proper vehicle lighting,
A9 Kandy-Jaffna (KM 220-222),Accident Blackspot,High,High Speed,Year-round,95,Extremely high accident rate,
A9 Kandy-Jaffna (KM 222-224),Flash Flood,Low,Seasonal Streams,Oct-Dec,12,Do not cross flooded dips,
A9 Kandy-Jaffna (KM 224-226),Accident Blackspot,High,Driver Fatigue,Year-round,82,Take regular breaks,
A9 Kandy-Jaffna (KM 226-228),Accident Blackspot,Medium,Unpaved Edges,Year-round,36,Avoid shoulder driving,
A9 Kandy-Jaffna (KM 228-230),Accident Blackspot,High,Complex Junction,Year-round,77,Kilinochchi approach; slow down,
A9 Kandy-Jaffna (KM 230-232),Flash Flood,Medium,Retention Basin,Oct-Dec,26,High inundation risk,
A9 Kandy-Jaffna (KM 232-234),Accident Blackspot,High,Straight Road,Year-round,88,Avoid highway hypnosis,
A9 Kandy-Jaffna (KM 234-236),Accident Blackspot,Medium,Mixed Traffic,Year-round,55,Yield to heavy vehicles,
A9 Kandy-Jaffna (KM 236-238),Accident Blackspot,High,Speeding,Year-round,91,Fatal crash zone,
A9 Kandy-Jaffna (KM 238-240),Flash Flood,High,River Overflow,Oct-Dec,48,Monitor DMC alerts,
B-Road Matale (Rattota-Laggala),Landslide,High,Steep Gradient,May-Jul (Monsoon),36,Rank A Risk Area; highly dangerous,
B-Road Matale (Rattota-Laggala),Earthslip,High,Soil Saturation,May-Jul (Monsoon),28,Avoid during heavy continuous rain,
B-Road Matale (Naula-Elahera),Rock Fall,Medium,Exposed Bedrock,May-Jul (Monsoon),18,Continuous transit required,
B-Road Matale (Naula-Elahera),Accident Blackspot,High,Sharp Bend,Year-round,65,Sound horn at blind spots,
B-Road Matale (Ukuwela-Elkaduwa),Landslide,High,Slope Erosion,May-Jul (Monsoon),32,Check NBRO warnings,
B-Road Matale (Ukuwela-Elkaduwa),Heavy Mist,Medium,High Altitude,Year-round,88,Use fog lights,
B-Road Matale (Dambulla-Bakamuna),Elephant Crossing,High,Wildlife Corridor,Year-round,115,Do not travel at dusk/dawn,
B-Road Matale (Dambulla-Bakamuna),Accident Blackspot,Medium,Speeding,Year-round,48,Maintain safe speeds,
B-Road Matale (Galewela-Palapathwela),Flash Flood,Low,Poor Drainage,May-Jul (Monsoon),14,Watch for water pooling,
B-Road Matale (Galewela-Palapathwela),Earthslip,Medium,Unstable Topsoil,May-Jul (Monsoon),21,Watch for eroded road edges,
B-Road Ampara (Ampara-Siyambalanduwa),Flash Flood,High,River Overflow,Oct-Dec,68,Severe washout risk,
B-Road Ampara (Ampara-Siyambalanduwa),Accident Blackspot,High,Straight Road,Year-round,75,Avoid highway hypnosis,
B-Road Ampara (Akkaraipattu-Sagamam),Flash Flood,High,Basin Overflow,Oct-Dec,55,Total submersion risk,
B-Road Ampara (Akkaraipattu-Sagamam),Elephant Crossing,Medium,Proximity to Park,Year-round,62,Obey warning signs,
B-Road Ampara (Dehiattakandiya-Maha Oya),Flash Flood,Medium,Low Lying Area,Oct-Dec,38,Watch for shoulder flooding,
B-Road Ampara (Dehiattakandiya-Maha Oya),Accident Blackspot,Medium,Wet Surface,Oct-Dec,41,Slippery when wet,
B-Road Batticaloa (Valaichchenai-Vakarai),Flash Flood,High,Coastal Inundation,Oct-Dec,72,Monitor DMC alerts,
B-Road Batticaloa (Valaichchenai-Vakarai),Accident Blackspot,High,Speeding,Year-round,85,Radar monitoring active,
B-Road Batticaloa (Kalkudah-Pethalai),Flash Flood,Medium,Lagoon Overflow,Oct-Dec,34,Do not cross flooded dips,
B-Road Batticaloa (Kalkudah-Pethalai),Elephant Crossing,Low,Reserve Border,Year-round,25,Keep windows closed,
B-Road Monaragala (Wellawaya-Monaragala),Elephant Crossing,High,Highway Blockage,Year-round,145,Travel in convoys during daytime,
B-Road Monaragala (Wellawaya-Monaragala),Accident Blackspot,High,High Speed,Year-round,82,Strict speed control,
B-Road Monaragala (Bibile-Medagama),Flash Flood,Low,Seasonal Streams,Oct-Dec,18,Cross water slowly,
B-Road Monaragala (Bibile-Medagama),Earthslip,Medium,Residual Soil,Oct-Dec,22,Monitor shoulder stability,
B-Road Monaragala (Thanamalwila-Lunugamvehera),Elephant Crossing,High,Aggressive Behavior,Year-round,135,Never feed elephants,
B-Road Monaragala (Thanamalwila-Lunugamvehera),Accident Blackspot,Medium,Night Traffic,Year-round,58,Night travel not recommended,
B-Road Hambantota (Hambantota-Gonnoruwa),Flash Flood,Medium,River Overflow,Oct-Dec,35,Avoid in heavy downpours,
B-Road Hambantota (Hambantota-Gonnoruwa),Elephant Crossing,Medium,Wildlife Corridor,Year-round,72,Do not sound horn at elephants,
B-Road Hambantota (Weeraketiya-Walasmulla),Earthslip,Medium,Unstable Topsoil,Oct-Dec,26,Adhere to NBRO warnings,
B-Road Hambantota (Weeraketiya-Walasmulla),Accident Blackspot,High,Complex Junction,Year-round,68,Slow down,
B-Road Gampaha (Gampaha-Ja-Ela),Flash Flood,High,Retention Basin,May-Jul (Monsoon),85,High risk of road washout [15],
B-Road Gampaha (Gampaha-Ja-Ela),Accident Blackspot,High,Severe Congestion,Year-round,115,Maintain lane discipline,
B-Road Gampaha (Minuwangoda-Veyangoda),Flash Flood,Medium,Poor Drainage,May-Jul (Monsoon),42,Check for water pooling,
B-Road Gampaha (Minuwangoda-Veyangoda),Accident Blackspot,High,Speeding,Year-round,88,Watch for entering vehicles,
B-Road Colombo (Hanwella-Pugoda),Flash Flood,High,River Overflow,May-Jul (Monsoon),95,Kelani Ganga overflow risk,
B-Road Colombo (Hanwella-Pugoda),Earthslip,Medium,Riverbank Erosion,May-Jul (Monsoon),32,Avoid edge driving,
B-Road Colombo (Homagama-Padukka),Flash Flood,Medium,Low Lying Area,May-Jul (Monsoon),55,Watch for standing water,
B-Road Colombo (Homagama-Padukka),Accident Blackspot,High,Mixed Traffic,Year-round,105,Yield to buses,
B-Road Colombo (Kottawa-Thalawatugoda),Flash Flood,Low,Poor Drainage,May-Jul (Monsoon),28,Do not cross flooded dips,
B-Road Colombo (Kottawa-Thalawatugoda),Accident Blackspot,High,Severe Congestion,Year-round,120,Extreme caution,